obs_idx,matched_lat,matched_lon,edge_u,edge_v,edge_key,gps_to_road_distance_m
0,30.53001022338866,114.3563232421875,12803991867,6222270514,0,22.935436575579093
1,30.53001022338866,114.3563232421875,12803991867,6222270514,0,22.936141381354588
2,30.53001022338866,114.3563232421875,12803991867,6222270514,0,22.938143327267987
3,30.53001022338866,114.3563232421875,12803991867,6222270514,0,22.938929330564907
4,30.53001022338866,114.3563232421875,12803991867,6222270514,0,22.938750341667603
5,30.53001022338866,114.3563232421875,12803991867,6222270514,0,22.93793908494062
6,30.53001022338866,114.3563232421875,12803991867,6222270514,0,22.93684663140446
7,30.53001022338866,114.3563232421875,12803991867,6222270514,0,22.93610805623529
8,30.53001022338866,114.3563232421875,12803991867,6222270514,0,22.935778158689732
9,30.53001022338866,114.3563232421875,12803991867,6222270514,0,22.93482151153762
10,30.53001022338866,114.3563232421875,12803991867,6222270514,0,22.93319739189903
11,30.53001022338866,114.3563232421875,12803991867,6222270514,0,22.9314388617337
12,30.53001022338866,114.3563232421875,12803991867,6222270514,0,22.929479929848323
13,30.53001022338866,114.3563232421875,12803991867,6222270514,0,22.927575123853686
14,30.53001022338866,114.3563232421875,12803991867,6222270514,0,22.926011923005202
15,30.53001022338866,114.3563232421875,12803991867,6222270514,0,22.92555627513411
16,30.53001022338866,114.3563232421875,12803991867,6222270514,0,22.9260138652874
17,30.53001022338866,114.3563232421875,12803991867,6222270514,0,22.926548176252965
18,30.53001022338866,114.3563232421875,12803991867,6222270514,0,22.926430832785034
19,30.53001022338866,114.3563232421875,12803991867,6222270514,0,22.926093545147804
20,30.53001022338866,114.3563232421875,12803991867,6222270514,0,22.925162452849708
21,30.53001022338866,114.3563232421875,12803991867,6222270514,0,22.924446701731412
22,30.53001022338866,114.3563232421875,12803991867,6222270514,0,22.923975814599437
23,30.53001022338866,114.3563232421875,12803991867,6222270514,0,22.92388144597671
24,30.53001022338866,114.3563232421875,12803991867,6222270514,0,22.923646049432417
25,30.53001022338866,114.3563232421875,12803991867,6222270514,0,22.923029523273726
26,30.53001022338866,114.3563232421875,12803991867,6222270514,0,22.92207591802478
27,30.53001022338866,114.3563232421875,12803991867,6222270514,0,22.92073753894641
28,30.53001022338866,114.3563232421875,12803991867,6222270514,0,22.919271598636115
29,30.53001022338866,114.3563232421875,12803991867,6222270514,0,22.91808519924399
30,30.53001022338866,114.3563232421875,12803991867,6222270514,0,22.9163066295299
31,30.53001022338866,114.3563232421875,12803991867,6222270514,0,22.913739217780893
32,30.53001022338866,114.3563232421875,12803991867,6222270514,0,22.91096104013502
33,30.53001022338866,114.3563232421875,12803991867,6222270514,0,22.908259585526114
34,30.53001022338866,114.3563232421875,12803991867,6222270514,0,22.906757354274706
35,30.53001022338866,114.3563232421875,12803991867,6222270514,0,22.906468931370995
36,30.53001022338866,114.3563232421875,12803991867,6222270514,0,22.905958781992297
37,30.53001022338866,114.3563232421875,12803991867,6222270514,0,22.904316547876146
38,30.53001022338866,114.3563232421875,12803991867,6222270514,0,22.90109101312545
39,30.529984558214093,114.35632324218923,6222270512,12803991867,0,22.12779255021535
40,30.530049253693623,114.35632324219026,12803991867,6222270514,0,22.070231241130813
41,30.530107365046995,114.3563232421921,12803991867,6222270514,0,18.855217130684412
42,30.53017059066351,114.35632324219105,12803991867,6222270514,0,19.41093223794913
43,30.530225588249493,114.35632324218751,12803991867,6222270514,0,18.144184920171018
44,30.53028894054995,114.35632324218966,6222270514,12803991855,0,19.046802092327173
45,30.530352330685222,114.35632324218862,6222270514,12803991855,0,20.6876053248368
46,30.530412898106974,114.35632324219547,12803991855,1201323413,0,17.919561995495176
47,30.530374526977543,114.3563232421875,6222270514,12803991855,0,23.265916608596307
48,30.530536843051536,114.35632324221316,12803991855,1201323413,0,19.95352026786034
49,30.530374526977543,114.3563232421875,6222270514,12803991855,0,33.58585998771654
50,30.53065577046954,114.35632324221856,12803991855,1201323413,0,25.402678251866902
51,30.530930449564487,114.35599160266585,1201323413,5196008421,0,26.941071360569296
52,30.530929565429684,114.35570526123047,5196008421,13577919955,0,31.2990343069432
53,30.530930098414427,114.35587785257556,1201323413,5196008421,0,18.262398497837765
54,30.530929565429684,114.35570526123047,5196008421,13577919955,0,19.406246622862124
55,30.530929651646723,114.35573317504387,1201323413,5196008421,0,17.562410468432343
56,30.53092942869215,114.35566366686656,5196008421,13577919955,0,15.654449753249738
57,30.53092922830246,114.35560271737559,5196008421,13577919955,0,18.235321445972417
58,30.530929565429684,114.35570526123047,1201323413,5196008421,0,26.6805643435707
59,30.530928761771893,114.35546085348713,5196008421,13577919955,0,21.68325257565648
60,30.530843734741218,114.3550796508789,12877128243,3113067000,0,34.519550110863825
61,30.530650845506013,114.35507965089127,3631666771,12877128243,0,26.965537966816946
62,30.530490875244134,114.3550796508789,9554504333,3631666771,0,25.822421192025423
63,30.53054411136409,114.3550796508853,3631666771,12877128243,0,18.93299857403642
64,30.53048797854991,114.35507955184666,9554504333,3631666771,0,21.277779222870414
65,30.530425297708167,114.35507740891236,9554504333,3631666771,0,21.932888393096725
66,30.530363409999637,114.35507529309336,9554504333,3631666771,0,20.265013380455375
67,30.530267715454098,114.35507202148439,1204185541,9554504333,0,21.84189170819557
68,30.53022994280016,114.3550720214869,1204185541,9554504333,0,22.39635171280146
69,30.5301708061679,114.35507202148854,1204185541,9554504333,0,20.104002717896797
70,30.5301093303981,114.35507202148729,1204185541,9554504333,0,21.377435795712408
71,30.530046409079667,114.35507202148442,13240045322,1204185541,0,20.714030100903784
72,30.529982256016932,114.35507202149978,13513425371,13240045322,0,19.13965655420792
73,30.53004074096679,114.35507202148439,13240045322,1204185541,0,25.601764409798765
74,30.529856302498136,114.35507202152363,13513425371,13240045322,0,23.13543214728782
75,30.53004074096679,114.35507202148439,13240045322,1204185541,0,35.38829907839882
76,30.52972883391092,114.35507202153481,13513425371,13240045322,0,22.83617692165678
77,30.529666099795072,114.35507202153553,13513425371,13240045322,0,21.501099788922446
78,30.52960449783663,114.35507202153319,13513425371,13240045322,0,23.238593653979624
79,30.529325485229485,114.35507202148439,13240045312,13513425371,0,34.2176785961675
80,30.52909660339354,114.35507202148439,1199840610,13240045312,0,57.748302321747964
81,30.529069900512685,114.35533142089844,13240045349,1199840610,0,53.45409613048979
82,30.529069900650224,114.35554663746862,12862472439,13240045349,0,50.37750339559301
83,30.5290699005127,114.355712890625,13240045350,12862472439,0,51.71113759974485
84,30.529069900534164,114.35569762915648,12862472439,13240045349,0,51.04189987496209
85,30.529069567691995,114.35576748211037,13240045350,12862472439,0,50.694573644112396
86,30.52906799316406,114.35602569580078,1199840585,13240045350,0,54.163470682990514
87,30.529399871826175,114.3563232421875,13240045344,13505885314,0,41.22473798798447
88,30.529399871826175,114.3563232421875,13240045344,13505885314,0,35.95568224283224
89,30.529518970475976,114.35632324220165,13505885314,6222270512,0,26.400858071031088
90,30.529399871826175,114.3563232421875,13240045344,13505885314,0,28.489628911525948
91,30.52962646898262,114.35632324220467,13505885314,6222270512,0,20.78786806193114
92,30.529815673828125,114.3563232421875,6222270512,12803991867,0,23.13757068587915
93,30.529753122170767,114.35632324219635,13505885314,6222270512,0,19.175307860351367
94,30.529816263514885,114.35632324218754,6222270512,12803991867,0,17.339632373109847
95,30.52987358977741,114.35632324219067,6222270512,12803991867,0,20.922810000674826
96,30.52993765296308,114.35632324219105,6222270512,12803991867,0,19.591069152514226
97,30.530002172985444,114.3563232421881,6222270512,12803991867,0,20.429708087474918
98,30.530067431976214,114.35632324219112,12803991867,6222270514,0,20.93980971668209
99,30.53013315428822,114.35632324219206,12803991867,6222270514,0,21.132328383191037
100,30.530199212504716,114.3563232421895,12803991867,6222270514,0,21.555599357964084
101,30.530260920960544,114.3563232421891,6222270514,12803991855,0,19.917389397371814
102,30.53032161127411,114.35632324218953,6222270514,12803991855,0,20.27319796625782
103,30.53038163812625,114.35632324218906,12803991855,1201323413,0,19.55405548677267
104,30.530445043210793,114.35632324220124,12803991855,1201323413,0,17.934620109722527
105,30.530374526977543,114.3563232421875,6222270514,12803991855,0,25.372205652971218
106,30.530568422787436,114.35632324221571,12803991855,1201323413,0,21.844529199405716
107,30.530374526977543,114.3563232421875,6222270514,12803991855,0,35.57461441165161
108,30.53056220410626,114.35632324221527,12803991855,1201323413,0,35.53077668102447
109,30.53093009265402,114.35587598684005,1201323413,5196008421,0,41.454674179859424
110,30.530929565429684,114.35570526123047,5196008421,13577919955,0,41.98016802457851
111,30.530929637574715,114.35572861892709,1201323413,5196008421,0,40.960816658237235
112,30.530929396956843,114.3556540138408,5196008421,13577919955,0,41.46134748345985
113,30.530929565429684,114.35570526123047,1201323413,5196008421,0,42.47721852024057
114,30.530928938404493,114.35551455888019,5196008421,13577919955,0,37.22877530209559
115,30.530929565429684,114.35570526123047,1201323413,5196008421,0,36.360025698564016
116,30.53092900784214,114.35553567334114,5196008421,13577919955,0,24.180173573280708
117,30.530929565429684,114.35570526123047,1201323413,5196008421,0,22.333417849589456
118,30.53092944151476,114.35566756722363,5196008421,13577919955,0,18.011868782845784
119,30.530929680432614,114.35574249525477,1201323413,5196008421,0,19.07757106260443
120,30.530929910437848,114.35581697345782,1201323413,5196008421,0,20.534451921319683
121,30.530929565429684,114.35570526123047,5196008421,13577919955,0,29.11987941782599
122,30.53093031828267,114.35594907201013,1201323413,5196008421,0,27.40551440724337
123,30.530647280866233,114.35632324221856,12803991855,1201323413,0,29.67744266335295
124,30.530374526977543,114.3563232421875,6222270514,12803991855,0,36.30983602562237
125,30.53055719734699,114.35632324221488,12803991855,1201323413,0,33.46625959951888
126,30.530930158108234,114.3558971872665,1201323413,5196008421,0,40.966172763456726
127,30.530929565429684,114.35570526123047,5196008421,13577919955,0,41.57233006811458
128,30.530929693778393,114.35574681638951,1201323413,5196008421,0,38.69233760024904
129,30.5309294949171,114.3556838114158,5196008421,13577919955,0,38.80761845191259
130,30.530929565429684,114.35570526123047,1201323413,5196008421,0,38.93837595694964
131,30.530929262275524,114.35561304983678,5196008421,13577919955,0,38.71977807895127
132,30.530929565429684,114.35570526123047,1201323413,5196008421,0,41.947461708115824
133,30.530928866254506,114.35549262076327,5196008421,13577919955,0,39.65843116657743
134,30.53092868589542,114.35543778521418,5196008421,13577919955,0,39.39432565860313
135,30.530928518785124,114.35538698403369,5196008421,13577919955,0,39.56349063305852
136,30.530843734741218,114.3550796508789,12877128243,3113067000,0,40.27879267967515
137,30.530526373464976,114.35507965088343,3631666771,12877128243,0,24.172284564611186
138,30.53048875474656,114.35507957838328,9554504333,3631666771,0,23.62786090281482
139,30.530444059768694,114.35507805035023,9554504333,3631666771,0,22.66675186732939
140,30.530490875244134,114.3550796508789,3631666771,12877128243,0,24.429651712598798
141,30.530348321321235,114.35507477724107,9554504333,3631666771,0,22.55145863649743
142,30.530299710717472,114.35507311533983,9554504333,3631666771,0,22.045349127724066
143,30.530267715454098,114.35507202148439,9554504333,3631666771,0,21.298696528119805
144,30.530184256193742,114.35507202148841,1204185541,9554504333,0,21.694213963598273
145,30.530124629689833,114.35507202148789,1204185541,9554504333,0,21.029847979015454
146,30.530063629150387,114.35507202148439,13240045322,1204185541,0,21.023816321776632
147,30.529999375849716,114.35507202149556,13513425371,13240045322,0,21.46965493060462
148,30.53004074096679,114.35507202148439,13240045322,1204185541,0,24.19427291101565
149,30.529874269371412,114.35507202152101,13513425371,13240045322,0,21.76064975697213
150,30.53004074096679,114.35507202148439,13240045322,1204185541,0,33.48515570034224
151,30.529753986277672,114.35507202153364,13513425371,13240045322,0,21.179848930455936
152,30.529696096014142,114.35507202153559,13513425371,13240045322,0,22.759176817396373
153,30.52963764253818,114.35507202153482,13513425371,13240045322,0,23.56117133646108
154,30.52958259517675,114.35507202153161,13513425371,13240045322,0,25.018111626865515
155,30.529325485229485,114.35507202148439,13240045312,13513425371,0,34.85651307349751
156,30.52909660339354,114.35507202148439,1199840610,13240045312,0,57.797293628152524
157,30.529069900512685,114.35533142089844,13240045349,1199840610,0,52.77000623460149
158,30.529069900648558,114.3555542583328,12862472439,13240045349,0,49.21907714640726
159,30.5290699005127,114.355712890625,13240045350,12862472439,0,50.61671126134802
160,30.52906990054121,114.35569233548865,12862472439,13240045349,0,50.4633516345014
161,30.52906965035936,114.35575392280569,13240045350,12862472439,0,50.54553965210637
162,30.52906799316406,114.35602569580078,1199840585,13240045350,0,54.46858426514044
163,30.529399871826175,114.3563232421875,13240045344,13505885314,0,44.07010108132503
164,30.52951830462643,114.35632324220161,13505885314,6222270512,0,36.20787603128211
165,30.529399871826175,114.3563232421875,13240045344,13505885314,0,32.80851222914144
166,30.529519954248894,114.35632324220174,13505885314,6222270512,0,25.097917643133368
167,30.529399871826175,114.3563232421875,13240045344,13505885314,0,29.674930970908864
168,30.529625025303886,114.3563232422047,13505885314,6222270512,0,21.983153746421777
169,30.529815673828125,114.3563232421875,6222270512,12803991867,0,26.15078842689324
170,30.52973923120723,114.35632324219789,13505885314,6222270512,0,21.328864917249923
171,30.52979985042102,114.35632324219003,13505885314,6222270512,0,21.62666602864561
172,30.52985638795676,114.35632324219,6222270512,12803991867,0,19.81782605946305
173,30.529913429792472,114.3563232421913,6222270512,12803991867,0,21.48059457945206
174,30.529970307278997,114.35632324218996,6222270512,12803991867,0,20.292789352124135
175,30.53002363937484,114.35632324218858,12803991867,6222270514,0,21.195735767557075
176,30.53007974328202,114.35632324219156,12803991867,6222270514,0,21.18116916564859
177,30.530225753784183,114.3563232421875,6222270514,12803991855,0,23.405654829325783
178,30.530190478682616,114.35632324219004,12803991867,6222270514,0,20.39035391426647
179,30.530256489164486,114.35632324218895,6222270514,12803991855,0,20.19022299895057
180,30.53031794836379,114.35632324218959,6222270514,12803991855,0,19.685549823105774
181,30.530368465390517,114.35632324218784,6222270514,12803991855,0,20.868238800175668
182,30.53042759946946,114.35632324219821,12803991855,1201323413,0,21.919358003904094
183,30.530491143606195,114.35632324220806,12803991855,1201323413,0,23.48358306805491
184,30.530374526977543,114.3563232421875,6222270514,12803991855,0,31.536603663461666
185,30.530608660907447,114.35632324221778,12803991855,1201323413,0,27.487311924593396
186,30.530930435451964,114.35598703049727,1201323413,5196008421,0,30.510462885236404
187,30.530929565429684,114.35570526123047,5196008421,13577919955,0,33.511066349937536
188,30.530930082085,114.3558725636752,1201323413,5196008421,0,22.122361693701947
189,30.530929565429684,114.35570526123047,5196008421,13577919955,0,20.915193006066445
190,30.530929653897996,114.355733903943,1201323413,5196008421,0,17.713159359906765
191,30.530929409222836,114.35565774480203,5196008421,13577919955,0,18.145988339916684
192,30.53092916608768,114.35558379622013,5196008421,13577919955,0,20.012831721855456
193,30.530929565429684,114.35570526123047,1201323413,5196008421,0,29.38115130973823
194,30.530928743629666,114.35545533770232,5196008421,13577919955,0,27.32259367072895
195,30.530843734741218,114.3550796508789,12877128243,3113067000,0,37.33834223988701
196,30.530612158773213,114.35507965089016,3631666771,12877128243,0,25.185488558868432
197,30.530547039463173,114.35507965088559,3631666771,12877128243,0,24.235682100191532
198,30.530489749859616,114.35507961240424,9554504333,3631666771,0,22.356334887734004
199,30.53042477257021,114.35507739095893,9554504333,3631666771,0,23.128597227399172
200,30.530267715454098,114.35507202148439,1204185541,9554504333,0,24.9813447266114
201,30.530301300916772,114.35507316970563,9554504333,3631666771,0,22.50944188451754
202,30.530267715454098,114.35507202148439,9554504333,3631666771,0,24.178136235279336
203,30.53017806319691,114.3550720214885,1204185541,9554504333,0,21.8230473025095
204,30.53011932381766,114.35507202148769,1204185541,9554504333,0,22.501207298714725
205,30.530063629150387,114.35507202148439,13240045322,1204185541,0,22.943037023227323
206,30.530006756664946,114.35507202149367,13513425371,13240045322,0,22.464874745687744
207,30.53004074096679,114.35507202148439,13240045322,1204185541,0,25.941142006219263
208,30.52988878587668,114.3550720215187,13513425371,13240045322,0,22.184730691321132
209,30.53004074096679,114.35507202148439,13240045322,1204185541,0,31.919395075836263
210,30.529768170874235,114.35507202153275,13513425371,13240045322,0,21.089272426178606
211,30.52970441898598,114.35507202153548,13513425371,13240045322,0,21.279179383098104
212,30.52964791433838,114.35507202153516,13513425371,13240045322,0,23.64696125952465
213,30.529585776729483,114.35507202153187,13513425371,13240045322,0,22.740375819219924
214,30.529325485229485,114.35507202148439,13240045312,13513425371,0,34.69648131667505
215,30.52909660339354,114.35507202148439,1199840610,13240045312,0,57.659943131320105
216,30.529069900512685,114.35533142089844,13240045349,1199840610,0,52.61945165732098
217,30.529069900651063,114.35554162419209,12862472439,13240045349,0,50.444423605677166
218,30.5290699005127,114.355712890625,13240045350,12862472439,0,51.154886692807224
219,30.529069900556824,114.35567994693652,12862472439,13240045349,0,51.346587530861314
220,30.529069739213387,114.35573934848942,13240045350,12862472439,0,51.30880195950232
221,30.52906799316406,114.35602569580078,1199840585,13240045350,0,54.478115995409674
222,30.529399871826175,114.3563232421875,13240045344,13505885314,0,45.56901026938787
223,30.529515510351885,114.3563232422014,13505885314,6222270512,0,37.078321672980636
224,30.529399871826175,114.3563232421875,13240045344,13505885314,0,34.07261060286959
225,30.529541118346145,114.35632324220305,13505885314,6222270512,0,24.800211603082424
226,30.529399871826175,114.3563232421875,13240045344,13505885314,0,30.90231882449166
227,30.529649800917728,114.35632324220411,13505885314,6222270512,0,22.53684315896538
228,30.529815673828125,114.3563232421875,6222270512,12803991867,0,24.402594491388033
229,30.52977035061475,114.35632324219422,13505885314,6222270512,0,21.506317992637584
230,30.52982773579263,114.35632324218838,6222270512,12803991867,0,22.141528325914447
231,30.529886834473828,114.35632324219102,6222270512,12803991867,0,20.613337034180994
232,30.53001022338866,114.3563232421875,12803991867,6222270514,0,24.406752238760124
233,30.529997596700273,114.35632324218841,6222270512,12803991867,0,21.28939649776852
234,30.530057924613295,114.3563232421907,12803991867,6222270514,0,23.07186286741765
235,30.530117407093723,114.35632324219215,12803991867,6222270514,0,21.557816264008746
236,30.5301764394285,114.35632324219078,12803991867,6222270514,0,22.973821190010263
237,30.530238162788667,114.35632324218817,6222270514,12803991855,0,21.740538549830266
238,30.53030202918193,114.35632324218972,6222270514,12803991855,0,20.873197561689103
239,30.53036182083303,114.35632324218818,6222270514,12803991855,0,23.181036955709985
240,30.53041987806992,114.3563232421968,12803991855,1201323413,0,22.010671715784447
241,30.530374526977543,114.3563232421875,6222270514,12803991855,0,24.854394916110255
242,30.530374526977543,114.3563232421875,6222270514,12803991855,0,27.043993252315303
243,30.530539364031974,114.3563232422134,12803991855,1201323413,0,24.453412743431233
244,30.530374526977543,114.3563232421875,6222270514,12803991855,0,35.43539926730583
245,30.5305814910327,114.35632324221652,12803991855,1201323413,0,32.75302728952417
246,30.530930300806897,114.3559434108172,1201323413,5196008421,0,33.21790269987068
247,30.530929565429684,114.35570526123047,5196008421,13577919955,0,34.06487228310495
248,30.530929565429684,114.35570526123047,5196008421,13577919955,0,32.69426551220129
249,30.53092977823759,114.35577416388556,1201323413,5196008421,0,36.28633021012657
250,30.53092957145428,114.35570721170332,1201323413,5196008421,0,38.26030220980189
251,30.530929413181067,114.35565894878738,5196008421,13577919955,0,34.634646246819216
252,30.53092920553982,114.35559579455982,5196008421,13577919955,0,30.72991115310422
253,30.530929565429684,114.35570526123047,1201323413,5196008421,0,33.92255671714458
254,30.530490875244134,114.3550796508789,9554504333,3631666771,0,40.436132797891
255,30.530585572853475,114.3550796508887,3631666771,12877128243,0,32.36797941232971
256,30.530490875244134,114.3550796508789,9554504333,3631666771,0,28.08010453993813
257,30.530522922351295,114.35507965088303,3631666771,12877128243,0,23.488227488016484
258,30.530471922316433,114.35507900291574,9554504333,3631666771,0,22.074636098698928
259,30.530413786205283,114.35507701535676,9554504333,3631666771,0,21.22960674325957
260,30.530267715454098,114.35507202148439,1204185541,9554504333,0,25.193021031596107
261,30.530311691231894,114.35507352493015,9554504333,3631666771,0,23.353717845859855
262,30.530267715454098,114.35507202148439,9554504333,3631666771,0,23.761042002061775
263,30.530190147902616,114.35507202148831,1204185541,9554504333,0,22.226552930877187
264,30.530126936618082,114.35507202148796,1204185541,9554504333,0,22.58020982516784
265,30.530063629150387,114.35507202148439,13240045322,1204185541,0,23.613683225470805
266,30.53001127387219,114.35507202149249,13513425371,13240045322,0,22.932054910754694
267,30.529949266772533,114.35507202150725,13513425371,13240045322,0,22.435710055045888
268,30.53004074096679,114.35507202148439,13240045322,1204185541,0,29.37888663403947
269,30.52983609348151,114.35507202152628,13513425371,13240045322,0,22.04276611444881
270,30.53004074096679,114.35507202148439,13240045322,1204185541,0,37.834701951889876
271,30.52972084669269,114.3550720215351,13513425371,13240045322,0,21.781717914444883
272,30.52965790260855,114.3550720215354,13513425371,13240045322,0,22.174614422824884
273,30.529325485229485,114.35507202148439,13240045312,13513425371,0,39.219048960362166
274,30.52954798086882,114.35507202152834,13513425371,13240045322,0,24.395836999621
275,30.529325485229485,114.35507202148439,13240045312,13513425371,0,34.411178215627146
276,30.52909660339354,114.35507202148439,1199840610,13240045312,0,56.974634654240866
277,30.529069900512685,114.35533142089844,13240045349,1199840610,0,51.206907346148995
278,30.529069900648842,114.35555310393823,12862472439,13240045349,0,49.73817967302578
279,30.5290699005127,114.355712890625,13240045350,12862472439,0,49.94329002249072
280,30.52906990052967,114.35570093907262,12862472439,13240045349,0,48.651351626900734
281,30.529069529537722,114.35577374018948,13240045350,12862472439,0,48.54728133529288
282,30.52906799316406,114.35602569580078,1199840585,13240045350,0,51.995189938086696
283,30.529399871826175,114.3563232421875,13240045344,13505885314,0,40.348390392149824
284,30.52952608119486,114.35632324220214,13505885314,6222270512,0,31.391136405280566
285,30.529399871826175,114.3563232421875,13240045344,13505885314,0,29.576147738542296
286,30.529399871826175,114.3563232421875,13240045344,13505885314,0,30.274324360794065
287,30.529619903886726,114.35632324220477,13505885314,6222270512,0,21.06972867894712
288,30.529815673828125,114.3563232421875,6222270512,12803991867,0,25.521327387783824
289,30.529730364367225,114.3563232421988,13505885314,6222270512,0,19.127183999110496
290,30.5297801311904,114.35632324219291,13505885314,6222270512,0,20.114821762560915
291,30.529832846666633,114.35632324218872,6222270512,12803991867,0,20.599407951331862
292,30.52989271419233,114.35632324219112,6222270512,12803991867,0,21.627874425912015
293,30.53001022338866,114.3563232421875,12803991867,6222270514,0,23.769850171480076
294,30.529996631629274,114.35632324218848,6222270512,12803991867,0,22.828978783555268
295,30.530045671096232,114.35632324219006,12803991867,6222270514,0,22.241758521845124
296,30.53001022338866,114.3563232421875,6222270512,12803991867,0,22.830868607321513
297,30.530126447296688,114.35632324219213,12803991867,6222270514,0,21.6546278570021
298,30.53019252860858,114.35632324218993,12803991867,6222270514,0,21.812631002798824
299,30.53025321956234,114.35632324218884,6222270514,12803991855,0,20.085508819039276
300,30.530314733302795,114.35632324218963,6222270514,12803991855,0,21.9429042611883
301,30.530380098068534,114.35632324218874,12803991855,1201323413,0,22.25393256858177
302,30.53044597498874,114.3563232422014,12803991855,1201323413,0,22.8840019090847
303,30.530374526977543,114.3563232421875,6222270514,12803991855,0,28.535853253169957
304,30.530374526977543,114.3563232421875,6222270514,12803991855,0,34.66190604759372
305,30.530591179546427,114.35632324221704,12803991855,1201323413,0,33.18555339596295
306,30.530930219165253,114.35591696446205,1201323413,5196008421,0,34.60372233330257
307,30.530929565429684,114.35570526123047,5196008421,13577919955,0,38.34250447940282
308,30.530929848632898,114.35579695898545,1201323413,5196008421,0,30.474819300864763
309,30.53092963216952,114.35572686889559,1201323413,5196008421,0,32.33677842171999
310,30.53092944322997,114.35566808895223,5196008421,13577919955,0,36.77512487859418
311,30.53092926643415,114.35561431464401,5196008421,13577919955,0,31.99304006003346
312,30.530929565429684,114.35570526123047,1201323413,5196008421,0,31.241048796846208
313,30.530928885099986,114.3554983508618,5196008421,13577919955,0,30.70264795272029
314,30.530929565429684,114.35570526123047,1201323413,5196008421,0,38.833320327859596
315,30.530929221147,114.35560054117089,5196008421,13577919955,0,30.96505462618567
316,30.53092942592933,114.35566282647831,5196008421,13577919955,0,26.957232617587685
317,30.530929660857147,114.35573615714468,1201323413,5196008421,0,25.011202452012714
318,30.53092989096928,114.35581066878653,1201323413,5196008421,0,24.89090306501675
319,30.530929565429684,114.35570526123047,5196008421,13577919955,0,32.44845747757727
320,30.53093028946567,114.35593973692745,1201323413,5196008421,0,31.720336913878544
321,30.53060023329795,114.35632324221746,12803991855,1201323413,0,31.2898217590825
322,30.530374526977543,114.3563232421875,6222270514,12803991855,0,32.85024257274953
323,30.53049320120621,114.35632324220833,12803991855,1201323413,0,23.468019901156705
324,30.530428501672684,114.35632324219837,12803991855,1201323413,0,22.10269247411469
325,30.53036587318236,114.35632324218798,6222270514,12803991855,0,20.424514687048333
326,30.530300160663664,114.35632324218972,6222270514,12803991855,0,19.811044128296714
327,30.53024206916603,114.35632324218837,6222270514,12803991855,0,20.393328780904195
328,30.53017983985543,114.35632324219061,12803991867,6222270514,0,18.847512801948653
329,30.53011642686922,114.35632324219215,12803991867,6222270514,0,20.156294589297538
330,30.530052880863657,114.35632324219046,12803991867,6222270514,0,20.304936322528725
331,30.529987759465293,114.35632324218905,6222270512,12803991867,0,19.35639791965503
332,30.52992252306655,114.35632324219125,6222270512,12803991867,0,19.913263225680815
333,30.5298588681701,114.35632324219011,6222270512,12803991867,0,20.605748676342266
334,30.52979518700545,114.35632324219074,13505885314,6222270512,0,20.835316036245132
335,30.529731109412978,114.35632324219871,13505885314,6222270512,0,21.693676164245705
336,30.529815673828125,114.3563232421875,6222270512,12803991867,0,27.116357931870603
337,30.529607663218094,114.35632324220481,13505885314,6222270512,0,22.87022032068038
338,30.529399871826175,114.3563232421875,13240045344,13505885314,0,29.01191890692749
339,30.52953229926683,114.35632324220254,13505885314,6222270512,0,30.231053891860046
340,30.529399871826175,114.3563232421875,13240045344,13505885314,0,39.35784249856188
341,30.5295140034986,114.35632324220128,13505885314,6222270512,0,44.471283776607876
342,30.52906948678366,114.35578075267163,13240045350,12862472439,0,49.846295447684135
343,30.529069900517626,114.35570949762476,12862472439,13240045349,0,49.313034800965184
344,30.529069900604572,114.3556338540684,12862472439,13240045349,0,49.50515942613342
345,30.52906990064768,114.3555576759172,12862472439,13240045349,0,50.13897969370027
346,30.529325485229485,114.35507202148439,13240045312,13513425371,0,44.579378945812046
347,30.529509595264628,114.3550720215236,13513425371,13240045322,0,32.1034480125146
348,30.529325485229485,114.35507202148439,13240045312,13513425371,0,34.53626874664276
349,30.529597389742587,114.35507202153272,13513425371,13240045322,0,23.484941553057777
350,30.529662383219268,114.35507202153549,13513425371,13240045322,0,22.776235654541257
351,30.52972740622688,114.35507202153488,13513425371,13240045322,0,23.660248653956593
352,30.53004074096679,114.35507202148439,13240045322,1204185541,0,36.39939668279993
353,30.52985896260396,114.35507202152326,13513425371,13240045322,0,23.4750386808131
354,30.53004074096679,114.35507202148439,13240045322,1204185541,0,27.028379968589054
355,30.52998982917054,114.35507202149795,13513425371,13240045322,0,22.654905513705142
356,30.53005522279233,114.35507202148443,13240045322,1204185541,0,21.49799464011399
357,30.53011972777793,114.35507202148771,1204185541,9554504333,0,20.314787514371893
358,30.530184792281748,114.35507202148841,1204185541,9554504333,0,21.021271113333896
359,30.530267715454098,114.35507202148439,9554504333,3631666771,0,21.093870457573388
360,30.53032155426611,114.35507386212797,9554504333,3631666771,0,19.973221810641956
361,30.530386629040084,114.35507608690672,9554504333,3631666771,0,20.76750666581276
362,30.530452314762428,114.35507833257218,9554504333,3631666771,0,20.41934746942747
363,30.530512915599054,114.35507965088183,3631666771,12877128243,0,20.719979554016934
364,30.530575487930655,114.355079650888,3631666771,12877128243,0,22.83932400707706
365,30.530490875244134,114.3550796508789,9554504333,3631666771,0,31.604608462354225
366,30.530604400251676,114.35507965088979,3631666771,12877128243,0,35.902238986867154
367,30.530929565429684,114.35570526123047,1201323413,5196008421,0,39.305874638912954
368,30.530929231894593,114.35560380986576,5196008421,13577919955,0,34.58522927323846
369,30.53092944454963,114.35566849036711,5196008421,13577919955,0,38.200689721836866
370,30.530929684376694,114.35574377227614,1201323413,5196008421,0,39.279073705587116
371,30.530929565429684,114.35570526123047,5196008421,13577919955,0,40.75029586289067
372,30.53093014651001,114.35589343055531,1201323413,5196008421,0,40.387277936813405
373,30.530929565429684,114.35570526123047,5196008421,13577919955,0,38.779398158499426
374,30.53093005134584,114.35586260782273,1201323413,5196008421,0,29.278212151708427
375,30.530929565429684,114.35570526123047,5196008421,13577919955,0,37.05654814758029
376,30.530929752694167,114.3557658928478,1201323413,5196008421,0,30.87985479530035
377,30.530929529604784,114.35569436321806,5196008421,13577919955,0,28.40946490241093
378,30.5309292865977,114.35562044726136,5196008421,13577919955,0,26.532837177339484
379,30.530929565429684,114.35570526123047,1201323413,5196008421,0,32.975623634402325
380,30.530929209606338,114.35559703130774,5196008421,13577919955,0,37.21503231641549
381,30.530929435315027,114.35566568139429,5196008421,13577919955,0,37.646078656567
382,30.530929674049165,114.3557404284275,1201323413,5196008421,0,38.84947699001914
383,30.530929797335872,114.35578034807924,1201323413,5196008421,0,34.96559669833651
384,30.53092962734452,114.35572530671412,1201323413,5196008421,0,32.12087529006768
385,30.530929560157464,114.35570365739432,5196008421,13577919955,0,32.48895670378079
386,30.53092955784057,114.35570295258363,5196008421,13577919955,0,32.87095923225434
387,30.530929565429684,114.35570526123047,1201323413,5196008421,0,32.8466499733062
388,30.530929565429684,114.35570526123047,1201323413,5196008421,0,32.843819981358386
389,30.530929565429684,114.35570526123047,1201323413,5196008421,0,32.84609333901691
390,30.530929565429684,114.35570526123047,1201323413,5196008421,0,32.84926428221753
391,30.530929565429684,114.35570526123047,1201323413,5196008421,0,32.851660190359205
392,30.530929565429684,114.35570526123047,1201323413,5196008421,0,32.85297933825224
393,30.530929565429684,114.35570526123047,1201323413,5196008421,0,32.852632862208196
394,30.530929565429684,114.35570526123047,1201323413,5196008421,0,32.85140947248448
395,30.530929565429684,114.35570526123047,1201323413,5196008421,0,32.85021870036089
396,30.530929565429684,114.35570526123047,1201323413,5196008421,0,32.84938328933922
397,30.530929565429684,114.35570526123047,1201323413,5196008421,0,32.84882626403112
398,30.530929565429684,114.35570526123047,1201323413,5196008421,0,32.84872548283533
399,30.530929565429684,114.35570526123047,1201323413,5196008421,0,32.849225079770044
400,30.530929565429684,114.35570526123047,1201323413,5196008421,0,32.84993604236307
401,30.530929565429684,114.35570526123047,1201323413,5196008421,0,32.850680665081796
402,30.530929565429684,114.35570526123047,1201323413,5196008421,0,32.85127878292233
403,30.530929565429684,114.35570526123047,1201323413,5196008421,0,32.85136495464099
404,30.530929565429684,114.35570526123047,1201323413,5196008421,0,32.851019488795124
405,30.530929565429684,114.35570526123047,1201323413,5196008421,0,32.850942408326176
406,30.530929565429684,114.35570526123047,1201323413,5196008421,0,32.85136630174456
407,30.530929565429684,114.35570526123047,1201323413,5196008421,0,32.85180024151625
408,30.530929565429684,114.35570526123047,1201323413,5196008421,0,32.852054821220456
409,30.530929565429684,114.35570526123047,1201323413,5196008421,0,32.85190988064894
410,30.530929565429684,114.35570526123047,1201323413,5196008421,0,32.85100935958315
411,30.530929565429684,114.35570526123047,1201323413,5196008421,0,32.85005267735407
412,30.530929565429684,114.35570526123047,1201323413,5196008421,0,32.84941821963666
413,30.530929565429684,114.35570526123047,1201323413,5196008421,0,32.84909539606231
414,30.530929565429684,114.35570526123047,1201323413,5196008421,0,32.8489619964903
415,30.530929565429684,114.35570526123047,1201323413,5196008421,0,32.84869579675426
416,30.530929565429684,114.35570526123047,1201323413,5196008421,0,32.84842965321714
417,30.530929565429684,114.35570526123047,1201323413,5196008421,0,32.84835173560609
418,30.530929565429684,114.35570526123047,1201323413,5196008421,0,32.84864097239085
419,30.530929565429684,114.35570526123047,1201323413,5196008421,0,32.84931920861846
420,30.530929565429684,114.35570526123047,1201323413,5196008421,0,32.85005241934721
421,30.530929565429684,114.35570526123047,1201323413,5196008421,0,32.850895986846886
422,30.530929565429684,114.35570526123047,1201323413,5196008421,0,32.85158426067282
423,30.530929565429684,114.35570526123047,1201323413,5196008421,0,32.852382252870434
424,30.530929565429684,114.35570526123047,1201323413,5196008421,0,32.85291540689654
425,30.530929565429684,114.35570526123047,1201323413,5196008421,0,32.852796062467036
426,30.530929565429684,114.35570526123047,1201323413,5196008421,0,32.852720337716676
427,30.530929565429684,114.35570526123047,1201323413,5196008421,0,32.85269883370999
428,30.530929565429684,114.35570526123047,1201323413,5196008421,0,32.85258851946952
429,30.530929565429684,114.35570526123047,1201323413,5196008421,0,32.852634125527544
430,30.530929565429684,114.35570526123047,1201323413,5196008421,0,32.85301182530468
431,30.530929565429684,114.35570526123047,1201323413,5196008421,0,32.85356539855183
432,30.530929565429684,114.35570526123047,1201323413,5196008421,0,32.8538404146155
433,30.530929565429684,114.35570526123047,1201323413,5196008421,0,32.85389457370569
434,30.530929565429684,114.35570526123047,1201323413,5196008421,0,32.853827943978835
435,30.530929565429684,114.35570526123047,1201323413,5196008421,0,32.85328527440196
436,30.530929565429684,114.35570526123047,1201323413,5196008421,0,32.852854129931565
437,30.530929565429684,114.35570526123047,1201323413,5196008421,0,32.85218973653295
438,30.530929565429684,114.35570526123047,1201323413,5196008421,0,32.85144706095414
439,30.530929565429684,114.35570526123047,1201323413,5196008421,0,32.85072724945882
440,30.530929565429684,114.35570526123047,1201323413,5196008421,0,32.84970815071975
441,30.530929565429684,114.35570526123047,1201323413,5196008421,0,32.848599612087426
442,30.530929565429684,114.35570526123047,1201323413,5196008421,0,32.84763567114574
443,30.530929565429684,114.35570526123047,1201323413,5196008421,0,32.84702677779988
444,30.530929565429684,114.35570526123047,1201323413,5196008421,0,32.846507578619786
445,30.530929565429684,114.35570526123047,1201323413,5196008421,0,32.84597766955999
446,30.530929565429684,114.35570526123047,1201323413,5196008421,0,32.84572479442631
447,30.530929565429684,114.35570526123047,1201323413,5196008421,0,32.84586958623891
448,30.530929565429684,114.35570526123047,1201323413,5196008421,0,32.84641994983435
449,30.530929565429684,114.35570526123047,1201323413,5196008421,0,32.84728592327269
450,30.530929565429684,114.35570526123047,1201323413,5196008421,0,32.84810471438632
451,30.530929565429684,114.35570526123047,1201323413,5196008421,0,32.84842776703126
452,30.530929565429684,114.35570526123047,1201323413,5196008421,0,32.84850480274978
453,30.530929565429684,114.35570526123047,1201323413,5196008421,0,32.84880892628629
454,30.530929565429684,114.35570526123047,1201323413,5196008421,0,32.848856845293376
455,30.530929565429684,114.35570526123047,1201323413,5196008421,0,32.84894840989455
456,30.530929565429684,114.35570526123047,1201323413,5196008421,0,32.84914050102728
457,30.530929565429684,114.35570526123047,1201323413,5196008421,0,32.849134458899705
458,30.530929565429684,114.35570526123047,1201323413,5196008421,0,32.84875015814623
459,30.53092955776806,114.35570293052564,5196008421,13577919955,0,32.84713968678259
460,30.530929486459012,114.35568123854965,5196008421,13577919955,0,36.376853502711775
461,30.53092933761654,114.35563596470504,5196008421,13577919955,0,38.5886690696459
462,30.530929565429684,114.35570526123047,1201323413,5196008421,0,42.00128744345439
463,30.530490875244134,114.3550796508789,9554504333,3631666771,0,45.68105051741085
464,30.530545765437964,114.35507965088546,3631666771,12877128243,0,43.92441276708904
465,30.530490875244134,114.3550796508789,9554504333,3631666771,0,40.70818237974905
466,30.530490875244134,114.3550796508789,9554504333,3631666771,0,40.662681911139316
467,30.530490875244134,114.3550796508789,9554504333,3631666771,0,37.628592655235906
468,30.530490875244134,114.3550796508789,9554504333,3631666771,0,37.82058710112518
469,30.530594648122825,114.35507965088928,3631666771,12877128243,0,34.86686785223153
470,30.530490875244134,114.3550796508789,9554504333,3631666771,0,34.69031137957699
471,30.530490875244134,114.3550796508789,9554504333,3631666771,0,34.45892752826742
472,30.530609456827687,114.35507965089003,3631666771,12877128243,0,31.593389308925868
473,30.530490875244134,114.3550796508789,9554504333,3631666771,0,27.337858240055585
474,30.530534885256497,114.35507965088435,3631666771,12877128243,0,23.826936387723155
475,30.530490875244134,114.3550796508789,9554504333,3631666771,0,20.413880266065487
476,30.530435302449145,114.35507775095475,9554504333,3631666771,0,20.045539911061535
477,30.530490875244134,114.3550796508789,3631666771,12877128243,0,24.297360081877983
478,30.530320257282927,114.35507381778666,9554504333,3631666771,0,20.236448435035744
479,30.530267715454098,114.35507202148439,1204185541,9554504333,0,21.685763358097727
480,30.530252517899374,114.35507202148553,1204185541,9554504333,0,22.52706986545192
481,30.530267715454098,114.35507202148439,9554504333,3631666771,0,24.187454327934027
482,30.530165986642608,114.35507202148855,1204185541,9554504333,0,24.122651450584975
483,30.530063629150387,114.35507202148439,1204185541,13505885341,0,24.190828597309743
484,30.530079033830102,114.35507202148555,1204185541,9554504333,0,22.849406215797853
485,30.53004074096679,114.35507202148439,13240045322,1204185541,0,24.410536461294566
486,30.529995256185007,114.3550720214966,13513425371,13240045322,0,23.535685038072103
487,30.53004074096679,114.35507202148439,13240045322,1204185541,0,25.029940250156407
488,30.529909066610102,114.3550720215152,13513425371,13240045322,0,24.20590287728093
489,30.53004074096679,114.35507202148439,13240045322,1204185541,0,30.453237230305195
490,30.529825142179703,114.35507202152758,13513425371,13240045322,0,21.85252004731078
491,30.53004074096679,114.35507202148439,13240045322,1204185541,0,36.11047818525589
492,30.52973794030756,114.35507202153445,13513425371,13240045322,0,22.725314889936676
493,30.529694368727043,114.3550720215356,13513425371,13240045322,0,23.418067816413743
494,30.529650503130934,114.35507202153524,13513425371,13240045322,0,23.289581753971028
495,30.529325485229485,114.35507202148439,13240045312,13513425371,0,38.19746192701789
496,30.52956896624527,114.35507202153043,13513425371,13240045322,0,23.411137877151106
497,30.529325485229485,114.35507202148439,13240045312,13513425371,0,35.14604177792191
498,30.52909660339354,114.35507202148439,1199840610,13240045312,0,56.46895704071884
499,30.529069900512685,114.35533142089844,13240045349,1199840610,0,49.47975214579172
500,30.529069900512685,114.35533142089844,13240045349,1199840610,0,51.18333204117467
501,30.52906990065112,114.35554122639147,12862472439,13240045349,0,48.75337553847781
502,30.5290699005127,114.355712890625,13240045350,12862472439,0,49.41742311676545
503,30.529069900598323,114.35564089745439,12862472439,13240045349,0,47.17711730360323
504,30.529069900545064,114.35568936145795,12862472439,13240045349,0,45.96631524935752
505,30.52906979537821,114.35573013589561,13240045350,12862472439,0,43.512260706593956
506,30.529069565061413,114.35576791358223,13240045350,12862472439,0,40.37889285740392
507,30.5290699005127,114.355712890625,12862472439,13240045349,0,40.01747804898404
508,30.52906916550015,114.35583344729953,13240045350,12862472439,0,37.46903102872263
509,30.52906799316406,114.35602569580078,1199840585,13240045350,0,41.79084501884013
510,30.529399871826175,114.3563232421875,13240045344,13505885314,0,35.403382400712886
511,30.52946274740474,114.3563232421964,13505885314,6222270512,0,28.14315499264326
512,30.529399871826175,114.3563232421875,13240045344,13505885314,0,28.066184223577384
513,30.52952772935806,114.35632324220225,13505885314,6222270512,0,25.484173976272157
514,30.529399871826175,114.3563232421875,13240045344,13505885314,0,29.686101898794792
515,30.529604960382745,114.35632324220481,13505885314,6222270512,0,20.955281197092564
516,30.529815673828125,114.3563232421875,6222270512,12803991867,0,28.463828924558605
517,30.52973670641282,114.35632324219816,13505885314,6222270512,0,21.64410618344283
518,30.529819934253403,114.35632324218783,6222270512,12803991867,0,19.88972362834391
519,30.529905353200675,114.35632324219127,6222270512,12803991867,0,21.993582844669017
520,30.52999031606902,114.35632324218889,6222270512,12803991867,0,19.560652858615054
521,30.530071781697007,114.3563232421913,12803991867,6222270514,0,22.084560111959536
522,30.530154884378828,114.3563232421916,12803991867,6222270514,0,20.43294066151373
523,30.530238010076914,114.35632324218817,6222270514,12803991855,0,21.068162985422088
524,30.530225753784183,114.3563232421875,12803991867,6222270514,0,22.204865229148606
525,30.530321953912534,114.35632324218952,6222270514,12803991855,0,22.412462980966815
526,30.530364022592337,114.35632324218808,6222270514,12803991855,0,21.00175657058106
527,30.530405906062086,114.3563232421941,12803991855,1201323413,0,21.6555164356034
528,30.530374526977543,114.3563232421875,6222270514,12803991855,0,23.966166881189427
529,30.530492393186915,114.35632324220823,12803991855,1201323413,0,22.410726271406066
530,30.530374526977543,114.3563232421875,6222270514,12803991855,0,30.072140114023934
531,30.530374526977543,114.3563232421875,6222270514,12803991855,0,34.65843325514631
532,30.53057226822832,114.35632324221595,12803991855,1201323413,0,32.659759822236005
533,30.530930277995648,114.35593602134475,1201323413,5196008421,0,37.66172037513436
534,30.530929565429684,114.35570526123047,5196008421,13577919955,0,39.6180494084237
535,30.5309300023758,114.35584674782898,1201323413,5196008421,0,33.22843733424535
536,30.530929565429684,114.35570526123047,5196008421,13577919955,0,31.222148378732562
537,30.530929788327384,114.35577743103818,1201323413,5196008421,0,26.208881676692567
538,30.530929565429684,114.35570526123047,5196008421,13577919955,0,23.40037378235225
539,30.530929628779745,114.35572577139183,1201323413,5196008421,0,22.37754640119778
540,30.530929567318122,114.35570587261304,1201323413,5196008421,0,23.46295310392594
541,30.53092941844932,114.35566055124664,5196008421,13577919955,0,25.185690021602053
542,30.530929565429684,114.35570526123047,1201323413,5196008421,0,30.03204411148949
543,30.530929250650086,114.35560951408658,5196008421,13577919955,0,33.505776727701495
544,30.530929565429684,114.35570526123047,1201323413,5196008421,0,39.38139514984075
545,30.530929565429684,114.35570526123047,1201323413,5196008421,0,43.52064764238353
546,30.530928871349577,114.35549416994732,5196008421,13577919955,0,40.90488030562933
547,30.530928708099346,114.35544453561398,5196008421,13577919955,0,39.8144154745306
548,30.530928545811996,114.35539519973716,5196008421,13577919955,0,40.003790033032246
549,30.530843734741218,114.3550796508789,12877128243,3113067000,0,40.60261642423634
550,30.530525451140427,114.35507965088333,3631666771,12877128243,0,22.97050065272296
551,30.53049095028827,114.35507965087892,3631666771,12877128243,0,19.965774107071542
552,30.530456627261998,114.35507848000803,9554504333,3631666771,0,17.8551735683126
553,30.530490875244134,114.3550796508789,3631666771,12877128243,0,19.22472622015873
554,30.530490875244134,114.3550796508789,3631666771,12877128243,0,19.321718230054923
555,30.530386506645762,114.3550760827223,9554504333,3631666771,0,19.206161909056917
556,30.530267715454098,114.35507202148439,1204185541,9554504333,0,22.40987106887088
557,30.530267715454098,114.35507202148439,1204185541,9554504333,0,21.91333077244197
558,30.530267715454098,114.35507202148439,1204185541,9554504333,0,22.194173605094615
559,30.530289444288282,114.35507276435071,9554504333,3631666771,0,22.195561549400995
560,30.530267715454098,114.35507202148439,9554504333,3631666771,0,22.29568674734373
561,30.530195551497997,114.3550720214882,1204185541,9554504333,0,22.01498083531628
562,30.530063629150387,114.35507202148439,1204185541,13505885341,0,23.758894604943034
563,30.530109208220804,114.35507202148729,1204185541,9554504333,0,22.591293227502163
564,30.530063629150387,114.35507202148439,13240045322,1204185541,0,23.475183935582276
565,30.530021716089383,114.35507202148969,13513425371,13240045322,0,24.0027547450606
566,30.5299777689991,114.35507202150085,13513425371,13240045322,0,24.17325430415677
567,30.53004074096679,114.35507202148439,13240045322,1204185541,0,25.753428267690133
568,30.529892747095147,114.35507202151804,13513425371,13240045322,0,23.263574725922155
569,30.53004074096679,114.35507202148439,13240045322,1204185541,0,32.01561433426134
570,30.52981046749078,114.35507202152915,13513425371,13240045322,0,22.366115263214734
571,30.53004074096679,114.35507202148439,13240045322,1204185541,0,36.22555326094244
572,30.529729835772,114.3550720215348,13513425371,13240045322,0,20.66294930131439
573,30.529690994419852,114.35507202153563,13513425371,13240045322,0,23.020481912971952
574,30.52965002775518,114.35507202153522,13513425371,13240045322,0,24.48996550108495
575,30.529325485229485,114.35507202148439,13240045312,13513425371,0,39.748371784171006
576,30.529562144170136,114.35507202152979,13513425371,13240045322,0,24.560371370310687
577,30.529325485229485,114.35507202148439,13240045312,13513425371,0,37.00138439925743
578,30.52909660339354,114.35507202148439,1199840610,13240045312,0,57.806953271783485
579,30.529069900512685,114.35533142089844,13240045349,1199840610,0,52.463700643525286
580,30.529069900652228,114.35551326632773,12862472439,13240045349,0,51.246700933613965
581,30.5290699005127,114.355712890625,13240045350,12862472439,0,53.05866736151129
582,30.5290699005127,114.355712890625,13240045350,12862472439,0,52.04908777826297
583,30.52906990057591,114.35566333512851,12862472439,13240045349,0,50.00442329172947
584,30.5290699005157,114.35571083143253,12862472439,13240045349,0,48.34139527642045
585,30.529069642142247,114.35575527060688,13240045350,12862472439,0,46.7813176413662
586,30.5290699005127,114.355712890625,12862472439,13240045349,0,44.69595841654585
587,30.529069175493134,114.35583180837347,13240045350,12862472439,0,40.66066044374311
588,30.52906799316406,114.35602569580078,1199840585,13240045350,0,40.569660854048216
589,30.52906799316406,114.35602569580078,1199840585,13240045350,0,40.30531896952253
590,30.52906799316406,114.35602569580078,1199840585,13240045350,0,38.833930789712106
591,30.529399871826175,114.3563232421875,13240045344,13505885314,0,33.3907170589899
592,30.529474574428917,114.35632324219772,13505885314,6222270512,0,29.1021830315723
593,30.529399871826175,114.3563232421875,13240045344,13505885314,0,27.714737327395973
594,30.529399871826175,114.3563232421875,13240045344,13505885314,0,28.03838258933697
595,30.529399871826175,114.3563232421875,13240045344,13505885314,0,28.432799779833424
596,30.529593887574414,114.35632324220474,13505885314,6222270512,0,20.555968516154227
597,30.529815673828125,114.3563232421875,6222270512,12803991867,0,27.99050576907856
598,30.529815673828125,114.3563232421875,6222270512,12803991867,0,24.915058219121757
599,30.529815673828125,114.3563232421875,6222270512,12803991867,0,24.68935121947273
600,30.529815673828125,114.3563232421875,6222270512,12803991867,0,27.374279836135166
601,30.529815673828125,114.3563232421875,6222270512,12803991867,0,28.52586818644767
602,30.529594380177375,114.35632324220475,13505885314,6222270512,0,20.724701871202985
603,30.529399871826175,114.3563232421875,13240045344,13505885314,0,28.12619600284318
604,30.529515094637336,114.35632324220138,13505885314,6222270512,0,24.562819727279706
605,30.529399871826175,114.3563232421875,13240045344,13505885314,0,30.88871642009913
606,30.529488898051696,114.35632324219915,13505885314,6222270512,0,33.81567069410868
607,30.529399871826175,114.3563232421875,13240045344,13505885314,0,37.97905386248383
608,30.529399871826175,114.3563232421875,13240045344,13505885314,0,36.940313024455826
609,30.529399871826175,114.3563232421875,13240045344,13505885314,0,39.28702010351876
610,30.529399871826175,114.3563232421875,13240045344,13505885314,0,41.93701496326238
611,30.52950717742328,114.35632324220077,13505885314,6222270512,0,45.19398524382804
612,30.52906936959035,114.35579997428725,13240045350,12862472439,0,49.516332220798425
613,30.529069651172744,114.35575378939087,13240045350,12862472439,0,51.42509296140206
614,30.529069900521808,114.35570657050515,12862472439,13240045349,0,51.70651095949288
615,30.529069900583483,114.35565618514012,12862472439,13240045349,0,52.37261291086862
616,30.5290699005127,114.355712890625,13240045350,12862472439,0,52.789312292606105
617,30.529069900646498,114.35556175439757,12862472439,13240045349,0,52.336453823198866
618,30.529325485229485,114.35507202148439,13240045312,13513425371,0,48.789739925266026
619,30.529325485229485,114.35507202148439,13240045312,13513425371,0,46.07007290134813
620,30.529325485229485,114.35507202148439,13240045312,13513425371,0,46.13894264056224
621,30.529536002206193,114.35507202152698,13513425371,13240045322,0,37.03914965759602
622,30.529325485229485,114.35507202148439,13240045312,13513425371,0,39.754764469908174
623,30.529325485229485,114.35507202148439,13240045312,13513425371,0,38.11671422258964
624,30.529543894914568,114.35507202152789,13513425371,13240045322,0,26.440275148488162
625,30.529325485229485,114.35507202148439,13240045312,13513425371,0,36.59764628758793
626,30.529620325909544,114.35507202153407,13513425371,13240045322,0,21.9501091382871
627,30.529664243899262,114.35507202153552,13513425371,13240045322,0,21.71891272484882
628,30.529707910596052,114.3550720215354,13513425371,13240045322,0,21.869404508912833
629,30.529751470386287,114.35507202153379,13513425371,13240045322,0,21.65480841661718
630,30.52979525848418,114.35507202153062,13513425371,13240045322,0,21.875856278335245
631,30.53004074096679,114.35507202148439,13240045322,1204185541,0,31.497697688984157
632,30.529928527475438,114.3550720215115,13513425371,13240045322,0,22.435224781593423
633,30.53001639616366,114.35507202149113,13513425371,13240045322,0,22.468626652667254
634,30.530101989577474,114.35507202148693,1204185541,9554504333,0,20.158030719080802
635,30.53018843400027,114.35507202148835,1204185541,9554504333,0,22.08710297732529
636,30.530267715454098,114.35507202148439,1204185541,9554504333,0,20.358398548215987
637,30.530345461531212,114.35507467947048,9554504333,3631666771,0,20.71610390885012
638,30.530490875244134,114.3550796508789,3631666771,12877128243,0,24.457023398263168
639,30.530428047869087,114.35507750293495,9554504333,3631666771,0,19.74196144885332
640,30.530471502927035,114.35507898857766,9554504333,3631666771,0,20.241153013146853
641,30.53050907640838,114.35507965088135,3631666771,12877128243,0,21.198391922115352
642,30.53054799054581,114.35507965088567,3631666771,12877128243,0,23.400192591405748
643,30.530490875244134,114.3550796508789,9554504333,3631666771,0,28.178349580461
644,30.530490875244134,114.3550796508789,9554504333,3631666771,0,31.507374876991413
645,30.530490875244134,114.3550796508789,9554504333,3631666771,0,31.511091373331112
646,30.530490875244134,114.3550796508789,9554504333,3631666771,0,32.13587228099926
647,30.530490875244134,114.3550796508789,9554504333,3631666771,0,33.623828506394126
648,30.530490875244134,114.3550796508789,9554504333,3631666771,0,33.89099624104061
649,30.530490875244134,114.3550796508789,9554504333,3631666771,0,37.14018279462596
650,30.530570346615736,114.35507965088762,3631666771,12877128243,0,40.70704311756172
651,30.530929565429684,114.35570526123047,1201323413,5196008421,0,42.415010621920004
652,30.530929565429684,114.35570526123047,1201323413,5196008421,0,40.142958328362994
653,30.530929393163152,114.35565285991743,5196008421,13577919955,0,38.316843384146665
654,30.530929559591662,114.3557034852724,5196008421,13577919955,0,38.36297109245257
655,30.530929715382424,114.35575381149756,1201323413,5196008421,0,39.12607949645813
656,30.530929565429684,114.35570526123047,5196008421,13577919955,0,40.705732316805324
657,30.530929947709573,114.35582904374955,1201323413,5196008421,0,36.03654374154524
658,30.530929565429684,114.35570526123047,5196008421,13577919955,0,33.53160671215227
659,30.530929565429684,114.35570526123047,5196008421,13577919955,0,29.027128997846543
660,30.530929704004475,114.35575012744768,1201323413,5196008421,0,25.8516186245934
661,30.5309295883346,114.35571267678782,1201323413,5196008421,0,28.183805971136827
662,30.530929502834436,114.35568621980059,5196008421,13577919955,0,32.2220039296476
663,30.530929414513377,114.3556593540389,5196008421,13577919955,0,36.38032030060586
664,30.530929565429684,114.35570526123047,1201323413,5196008421,0,41.059231955586455
665,30.530929565429684,114.35570526123047,1201323413,5196008421,0,39.430466141843795
666,30.530929565429684,114.35570526123047,1201323413,5196008421,0,39.66072403686159
667,30.530929565429684,114.35570526123047,1201323413,5196008421,0,40.11460628304605
668,30.530929565429684,114.35570526123047,1201323413,5196008421,0,41.12918034702182
669,30.530929565429684,114.35570526123047,1201323413,5196008421,0,43.40295649099144
670,30.530490875244134,114.3550796508789,9554504333,3631666771,0,38.61268546424124
671,30.530556522474456,114.35507965088647,3631666771,12877128243,0,32.90929453322271
672,30.530490875244134,114.3550796508789,9554504333,3631666771,0,29.057831670989945
673,30.530542736755176,114.35507965088516,3631666771,12877128243,0,23.81962827465986
674,30.530505690612223,114.35507965088091,3631666771,12877128243,0,21.37932712837247
675,30.530468475193523,114.35507888506542,9554504333,3631666771,0,22.0951673644356
676,30.530490875244134,114.3550796508789,3631666771,12877128243,0,24.51204967595477
677,30.530384455602164,114.35507601260115,9554504333,3631666771,0,22.70172270705384
678,30.530267715454098,114.35507202148439,1204185541,9554504333,0,22.653112765068894
679,30.530299568086686,114.35507311046356,9554504333,3631666771,0,21.44655783956044
680,30.53024980958816,114.35507202148573,1204185541,9554504333,0,21.883026317587206
681,30.530267715454098,114.35507202148439,9554504333,3631666771,0,22.705586460321474
682,30.530267715454098,114.35507202148439,9554504333,3631666771,0,22.705776122888334
683,30.530267715454098,114.35507202148439,9554504333,3631666771,0,22.718336874946832
684,30.53019080930411,114.3550720214883,1204185541,9554504333,0,22.313083996098054
685,30.530063629150387,114.35507202148439,1204185541,13505885341,0,25.52754776931541
686,30.530105337546683,114.3550720214871,1204185541,9554504333,0,23.8734607088262
687,30.530061204834485,114.3550720214844,13240045322,1204185541,0,23.780450356594194
688,30.530017209985754,114.35507202149091,13513425371,13240045322,0,23.76093258264076
689,30.53004074096679,114.35507202148439,13240045322,1204185541,0,25.014295365862946
690,30.52992907490475,114.3550720215114,13513425371,13240045322,0,24.080512642084454
691,30.53004074096679,114.35507202148439,13240045322,1204185541,0,29.665041172846582
692,30.52984140301216,114.35507202152561,13513425371,13240045322,0,23.774931586580315
693,30.53004074096679,114.35507202148439,13240045322,1204185541,0,35.702875534060425
694,30.529753985804195,114.35507202153364,13513425371,13240045322,0,22.667370672604704
695,30.52971038079539,114.35507202153536,13513425371,13240045322,0,21.851834569925533
696,30.52966720398376,114.35507202153555,13513425371,13240045322,0,20.87299840179016
697,30.529622917487856,114.3550720215342,13513425371,13240045322,0,20.777691592953857
698,30.529325485229485,114.35507202148439,13240045312,13513425371,0,35.298047698274466
699,30.52954130445744,114.3550720215276,13513425371,13240045322,0,23.805832678168596
700,30.529325485229485,114.35507202148439,13240045312,13513425371,0,35.65566356800395
701,30.52909660339354,114.35507202148439,1199840610,13240045312,0,57.616342897411045
702,30.529069900512685,114.35533142089844,13240045349,1199840610,0,52.56377411258536
703,30.5290699006523,114.35551444392537,12862472439,13240045349,0,52.03943964589131
704,30.5290699005127,114.355712890625,13240045350,12862472439,0,53.463386256073086
705,30.5290699005127,114.355712890625,13240045350,12862472439,0,51.70182555091034
706,30.529069900578985,114.35566047815352,12862472439,13240045349,0,48.77289934696339
707,30.529069900519268,114.35570835235868,12862472439,13240045349,0,47.27350070447646
708,30.529069766564138,114.35573486221918,13240045350,12862472439,0,43.335807749547264
709,30.52906951396875,114.35577629380558,13240045350,12862472439,0,40.63035324781612
710,30.5290699005127,114.355712890625,12862472439,13240045349,0,40.24974239032123
711,30.529069077114823,114.35584794301728,13240045350,12862472439,0,37.49127722538328
712,30.52906799316406,114.35602569580078,1199840585,13240045350,0,40.09667866642581
713,30.529399871826175,114.3563232421875,13240045344,13505885314,0,37.60293839814174
714,30.529443741586253,114.35632324219404,13505885314,6222270512,0,31.689727238483265
715,30.529399871826175,114.3563232421875,13240045344,13505885314,0,32.124330459870514
716,30.52947101914127,114.35632324219732,13505885314,6222270512,0,29.65172301552711
717,30.529399871826175,114.3563232421875,13240045344,13505885314,0,29.48208392589646
718,30.529617886178585,114.35632324220478,13505885314,6222270512,0,20.619395704347827
719,30.529815673828125,114.3563232421875,6222270512,12803991867,0,24.513918262761365
720,30.52978737850753,114.35632324219189,13505885314,6222270512,0,21.002313204630422
721,30.529873575557623,114.35632324219067,6222270512,12803991867,0,19.739595813793848
722,30.52995623739991,114.35632324219054,6222270512,12803991867,0,21.572915297810646
723,30.530061134833677,114.35632324219085,12803991867,6222270514,0,18.33601902868891
724,30.530147022194036,114.3563232421918,12803991867,6222270514,0,21.35399617904752
725,30.53023835885075,114.35632324218818,6222270514,12803991855,0,19.48304854634179
726,30.53031988569503,114.35632324218956,6222270514,12803991855,0,21.478239083930067
727,30.530403356943765,114.35632324219361,12803991855,1201323413,0,20.534521634649572
728,30.530486909999368,114.35632324220752,12803991855,1201323413,0,23.146293013156118
729,30.530374526977543,114.3563232421875,6222270514,12803991855,0,32.4368496543721
730,30.530374526977543,114.3563232421875,6222270514,12803991855,0,36.951068258842085
731,30.53057473767266,114.35632324221612,12803991855,1201323413,0,34.25842418344448
732,30.53093021129409,114.35591441483254,1201323413,5196008421,0,39.04924126595578
733,30.530929565429684,114.35570526123047,5196008421,13577919955,0,40.9563874999448
734,30.530929565429684,114.35570526123047,5196008421,13577919955,0,38.25113857712326
735,30.530929754629746,114.35576651958897,1201323413,5196008421,0,35.40280929656968
736,30.53092961094361,114.35571999667454,1201323413,5196008421,0,33.472373811483045
737,30.530929482625822,114.35568007253225,5196008421,13577919955,0,30.53187432368454
738,30.530929565429684,114.35570526123047,1201323413,5196008421,0,26.796383376831937
739,30.530929292129798,114.35562212982983,5196008421,13577919955,0,22.61048587319851
740,30.530929565429684,114.35570526123047,1201323413,5196008421,0,22.15885731076922
741,30.530929565429684,114.35570526123047,1201323413,5196008421,0,22.195142498253226
742,30.530929565429684,114.35570526123047,1201323413,5196008421,0,22.188314391395785
743,30.530929049082413,114.35554821409325,5196008421,13577919955,0,21.101162700545956
744,30.530929565429684,114.35570526123047,1201323413,5196008421,0,29.549294194883323
745,30.530928771455017,114.3554637974833,5196008421,13577919955,0,23.470034224277278
746,30.530843734741218,114.3550796508789,12877128243,3113067000,0,37.97574694363564
747,30.53064899613343,114.35507965089124,3631666771,12877128243,0,32.10193325534709
748,30.530490875244134,114.3550796508789,9554504333,3631666771,0,31.931903795035698
749,30.5306016117848,114.35507965088965,3631666771,12877128243,0,25.644998649040797
750,30.530490875244134,114.3550796508789,9554504333,3631666771,0,26.348556634394566
751,30.530533905130092,114.35507965088425,3631666771,12877128243,0,22.510808513953066
752,30.530490875244134,114.3550796508789,9554504333,3631666771,0,23.04133260002106
753,30.530457557072157,114.3550785117964,9554504333,3631666771,0,21.371198268167305
754,30.530490875244134,114.3550796508789,3631666771,12877128243,0,21.529539857667054
755,30.530381431638283,114.35507590921776,9554504333,3631666771,0,21.585853608281997
756,30.530267715454098,114.35507202148439,1204185541,9554504333,0,21.73618251651023
757,30.530301444352702,114.35507317460943,9554504333,3631666771,0,19.42509496789688
758,30.530255519155123,114.35507202148533,1204185541,9554504333,0,19.97335835841313
759,30.530267715454098,114.35507202148439,9554504333,3631666771,0,20.386706723555367
760,30.530176388104035,114.35507202148851,1204185541,9554504333,0,22.200278897756203
761,30.530063629150387,114.35507202148439,1204185541,13505885341,0,23.196223859306887
762,30.530099631426367,114.35507202148682,1204185541,9554504333,0,22.808396587861036
763,30.530063629150387,114.35507202148439,1204185541,13505885341,0,19.088488503090087
764,30.530102928995156,114.35507202148698,1204185541,9554504333,0,21.167066243208687
765,30.530063629150387,114.35507202148439,1204185541,13505885341,0,22.674111140839436
766,30.53017780535788,114.35507202148851,1204185541,9554504333,0,19.549483288786316
767,30.530220518668607,114.35507202148735,1204185541,9554504333,0,20.523572363123126
768,30.53026982022315,114.35507209344232,9554504333,3631666771,0,20.871251619132618
769,30.53030933873526,114.3550734445029,9554504333,3631666771,0,23.0489573973985
770,30.530267715454098,114.35507202148439,1204185541,9554504333,0,24.232447440554292
771,30.5303934467037,114.35507631998922,9554504333,3631666771,0,20.956684931980636
772,30.530490875244134,114.3550796508789,3631666771,12877128243,0,20.853016891433203
773,30.53047208386559,114.35507900843879,9554504333,3631666771,0,22.663749703539576
774,30.53050959934786,114.35507965088141,3631666771,12877128243,0,23.22453857116018
775,30.530490875244134,114.3550796508789,9554504333,3631666771,0,23.863093087939028
776,30.530592072870736,114.35507965088912,3631666771,12877128243,0,24.92081292283844
777,30.530490875244134,114.3550796508789,9554504333,3631666771,0,32.118297721688144
778,30.530610198601657,114.35507965089008,3631666771,12877128243,0,34.2580165471914
779,30.530490875244134,114.3550796508789,9554504333,3631666771,0,41.33422567245101
780,30.530615727918693,114.35507965089032,3631666771,12877128243,0,43.922691058666516
781,30.530490875244134,114.3550796508789,9554504333,3631666771,0,50.9231023048702
782,30.530648494976504,114.35507965089124,3631666771,12877128243,0,52.974480816599936
783,30.53092765808104,114.3551254272461,13577919955,3113067000,0,58.06074059280464
784,30.530929565429684,114.35570526123047,5196008421,13577919955,0,25.671892284284766
785,30.53092972698972,114.35575756983933,1201323413,5196008421,0,24.716650921215273
786,30.530929565429684,114.35570526123047,5196008421,13577919955,0,25.048560818762333
787,30.530929565429684,114.35570526123047,5196008421,13577919955,0,27.486939461786868
788,30.53093014744253,114.3558937326,1201323413,5196008421,0,26.03174264837586
789,30.530929565429684,114.35570526123047,5196008421,13577919955,0,36.18252038089858
790,30.53093039902358,114.35597522866895,1201323413,5196008421,0,31.63854958312833
791,30.530608845885414,114.35632324221778,12803991855,1201323413,0,30.73396923568214
792,30.530374526977543,114.3563232421875,6222270514,12803991855,0,38.00932870612235
793,30.530374526977543,114.3563232421875,6222270514,12803991855,0,39.376685428234595
794,30.53058832021618,114.3563232422169,12803991855,1201323413,0,35.67087947872499
795,30.53093023858108,114.35592325371412,1201323413,5196008421,0,33.76285819451121
796,30.530929565429684,114.35570526123047,5196008421,13577919955,0,34.82367120592394
797,30.530929565429684,114.35570526123047,5196008421,13577919955,0,30.198117613396846
798,30.530929891312887,114.35581078006332,1201323413,5196008421,0,25.007270298798332
799,30.530929565429684,114.35570526123047,5196008421,13577919955,0,27.304905664438564
800,30.530929704402062,114.35575025618202,1201323413,5196008421,0,31.036510467384836
801,30.5309295806249,114.35571018072825,1201323413,5196008421,0,33.970616414978416
802,30.530929447654387,114.35566943477455,5196008421,13577919955,0,36.79490208366329
803,30.530929565429684,114.35570526123047,1201323413,5196008421,0,38.493117929872675
804,30.53092934911691,114.35563946263481,5196008421,13577919955,0,33.37038953728317
805,30.530929565429684,114.35570526123047,1201323413,5196008421,0,31.526498993702713
806,30.530929082755286,114.35555845394966,5196008421,13577919955,0,28.95822445810416
807,30.530929565429684,114.35570526123047,1201323413,5196008421,0,35.370820156540404
808,30.53092881585961,114.35547729822197,5196008421,13577919955,0,33.21150275546322
809,30.530929565429684,114.35570526123047,1201323413,5196008421,0,42.7939542123163
810,30.5309290040852,114.3555345309099,5196008421,13577919955,0,40.358704720349486
811,30.530929565429684,114.35570526123047,1201323413,5196008421,0,42.434884095929824
812,30.530929330680145,114.35563385496009,5196008421,13577919955,0,40.43758901032048
813,30.530929565429684,114.35570526123047,1201323413,5196008421,0,39.95536187042423
814,30.530929353315127,114.35564073956421,5196008421,13577919955,0,36.90140136747397
815,30.530929565429684,114.35570526123047,1201323413,5196008421,0,34.564397583199884
816,30.53092944573664,114.35566885143199,5196008421,13577919955,0,30.660016458327693
817,30.530929544968846,114.35569903696695,5196008421,13577919955,0,31.695392854388473
818,30.530929555010832,114.3557020917669,5196008421,13577919955,0,32.81569152730088
819,30.530929565429684,114.35570526123047,1201323413,5196008421,0,32.54440092660698
820,30.530929565429684,114.35570526123047,1201323413,5196008421,0,32.317432059512214
821,30.530929565429684,114.35570526123047,1201323413,5196008421,0,32.317930006831325
822,30.530929565429684,114.35570526123047,1201323413,5196008421,0,32.31890970776222
823,30.530929565429684,114.35570526123047,1201323413,5196008421,0,32.3190629303713
824,30.530929565429684,114.35570526123047,1201323413,5196008421,0,32.31964584988104
825,30.530929565429684,114.35570526123047,1201323413,5196008421,0,32.32039538967141
826,30.530929565429684,114.35570526123047,1201323413,5196008421,0,32.32082422293071
827,30.530929565429684,114.35570526123047,1201323413,5196008421,0,32.32114216905449
828,30.530929565429684,114.35570526123047,1201323413,5196008421,0,32.32214856793997
829,30.530929565429684,114.35570526123047,1201323413,5196008421,0,32.323469433939536
830,30.530929565429684,114.35570526123047,1201323413,5196008421,0,32.32444132198353
831,30.530929565429684,114.35570526123047,1201323413,5196008421,0,32.32503054930414
832,30.530929565429684,114.35570526123047,1201323413,5196008421,0,32.32510654970534
833,30.530929565429684,114.35570526123047,1201323413,5196008421,0,32.324898816465975
834,30.530929565429684,114.35570526123047,1201323413,5196008421,0,32.3247200217962
835,30.530929565429684,114.35570526123047,1201323413,5196008421,0,32.324506132512184
836,30.530929565429684,114.35570526123047,1201323413,5196008421,0,32.32396668099804
837,30.530929565429684,114.35570526123047,1201323413,5196008421,0,32.323337958059724
838,30.530929565429684,114.35570526123047,1201323413,5196008421,0,32.32294622538514
839,30.530929565429684,114.35570526123047,1201323413,5196008421,0,32.322835414622176
840,30.530929565429684,114.35570526123047,1201323413,5196008421,0,32.32320064823916
841,30.530929565429684,114.35570526123047,1201323413,5196008421,0,32.32379602699126
842,30.530929565429684,114.35570526123047,1201323413,5196008421,0,32.32388010405932
843,30.530929565429684,114.35570526123047,1201323413,5196008421,0,32.32357955145847
844,30.530929565429684,114.35570526123047,1201323413,5196008421,0,32.323625163742776
845,30.530929565429684,114.35570526123047,1201323413,5196008421,0,32.324093791154226
846,30.530929565429684,114.35570526123047,1201323413,5196008421,0,32.32488320933098
847,30.530929565429684,114.35570526123047,1201323413,5196008421,0,32.32572603156899
848,30.530929565429684,114.35570526123047,1201323413,5196008421,0,32.32605729920265
849,30.530929565429684,114.35570526123047,1201323413,5196008421,0,32.32598973450169
850,30.530929565429684,114.35570526123047,1201323413,5196008421,0,32.32623455942816
851,30.530929565429684,114.35570526123047,1201323413,5196008421,0,32.3265016595581
852,30.530929565429684,114.35570526123047,1201323413,5196008421,0,32.32661312179787
853,30.530929565429684,114.35570526123047,1201323413,5196008421,0,32.32669252804805
854,30.530929565429684,114.35570526123047,1201323413,5196008421,0,32.32668335532866
855,30.530929565429684,114.35570526123047,1201323413,5196008421,0,32.326784809096054
856,30.530929565429684,114.35570526123047,1201323413,5196008421,0,32.32746782597349
857,30.530929565429684,114.35570526123047,1201323413,5196008421,0,32.32823288285009
858,30.530929565429684,114.35570526123047,1201323413,5196008421,0,32.328391849527904
859,30.530929565429684,114.35570526123047,1201323413,5196008421,0,32.32815587392023
860,30.530929565429684,114.35570526123047,1201323413,5196008421,0,32.32763897555295
861,30.530929565429684,114.35570526123047,1201323413,5196008421,0,32.32666761707053
862,30.530929565429684,114.35570526123047,1201323413,5196008421,0,32.32458196442167
